phase,spacing_bytes,k_lines,median_ns,min_ns
find_period,64,16,1.22357,1.14816
find_period,128,16,1.19906,1.16821
find_period,256,16,1.13476,1.12503
find_period,512,16,1.13362,1.12867
find_period,1024,16,1.13403,1.12585
find_period,2048,16,1.15332,1.13914
find_period,4096,16,3.29199,3.2242
find_period,8192,16,3.25561,3.22698
find_period,16384,16,3.37285,3.36971
find_period,32768,16,4.97337,4.93581
find_period,65536,16,5.00758,4.94143
find_period,131072,16,4.99176,4.98338
find_period,262144,16,5.02748,4.95947
find_period,524288,16,5.06935,4.99951
find_period,1048576,16,5.09611,4.9959
find_period,2097152,16,5.10717,5.08395
find_period,4194304,16,5.08261,5.04558
l1_k_sweep,4096,2,1.17241,1.12442
l1_k_sweep,4096,3,1.14393,1.12786
l1_k_sweep,4096,4,1.132,1.12845
l1_k_sweep,4096,5,1.13676,1.13326
l1_k_sweep,4096,6,1.1384,1.13539
l1_k_sweep,4096,7,1.14766,1.13917
l1_k_sweep,4096,8,1.16415,1.12732
l1_k_sweep,4096,9,1.13453,1.12891
l1_k_sweep,4096,10,1.1456,1.13759
l1_k_sweep,4096,11,1.14218,1.13162
l1_k_sweep,4096,12,1.14412,1.1238
l1_k_sweep,4096,13,2.92921,2.84482
l1_k_sweep,4096,14,3.50881,3.37931
l1_k_sweep,4096,15,3.57788,3.5635
l1_k_sweep,4096,16,3.4911,3.44493
l1_k_sweep,4096,17,3.59506,3.57019
l1_k_sweep,4096,18,3.4555,3.42401
l1_k_sweep,4096,19,3.45917,3.43224
l1_k_sweep,4096,20,3.5695,3.559
l1_k_sweep,4096,21,3.55612,3.54984
l1_k_sweep,4096,22,3.22564,3.21834
l1_k_sweep,4096,23,3.57304,3.56649
l1_k_sweep,4096,24,3.52007,3.47334
l1_k_sweep,4096,25,3.56458,3.51754
l1_k_sweep,4096,26,3.37008,3.33185
l1_k_sweep,4096,27,3.42443,3.35186
l1_k_sweep,4096,28,3.31788,3.30256
l1_k_sweep,4096,29,3.38166,3.37695
l1_k_sweep,4096,30,3.31453,3.29989
l1_k_sweep,4096,31,3.40297,3.36351
l1_k_sweep,4096,32,3.38378,3.3765
beyond_l1_period,8192,11,1.13208,1.11925
beyond_l1_period,16384,11,1.1291,1.12257
beyond_l1_period,32768,11,1.13089,1.12448
beyond_l1_period,65536,11,2.70925,2.69573
beyond_l1_period,131072,11,2.711,2.69218
beyond_l1_period,262144,11,2.70527,2.68631
beyond_l1_period,524288,11,2.71635,2.68539
beyond_l1_period,1048576,11,2.70343,2.69401
beyond_l1_period,2097152,11,2.71399,2.68392
beyond_l1_period,4194304,11,2.90639,2.84595
beyond_l1_k_sweep,65536,2,1.23205,1.20368
beyond_l1_k_sweep,65536,3,1.2178,1.20683
beyond_l1_k_sweep,65536,4,1.20256,1.19843
beyond_l1_k_sweep,65536,5,1.21693,1.18722
beyond_l1_k_sweep,65536,6,1.20014,1.17515
beyond_l1_k_sweep,65536,7,2.04722,2.03245
beyond_l1_k_sweep,65536,8,3.00951,2.92496
beyond_l1_k_sweep,65536,9,2.95031,2.87745
beyond_l1_k_sweep,65536,10,2.9722,2.87888
beyond_l1_k_sweep,65536,11,3.15789,2.93121
beyond_l1_k_sweep,65536,12,2.93695,2.91237
beyond_l1_k_sweep,65536,13,5.53005,5.33883
