mode,stride_bytes,buffer_bytes,ops_per_pass,passes,median_ns_per_access,min_ns_per_access
latency,8,33554432,1,2564006,14.3398,14.0578
latency,16,33554432,1,1139360,25.682,23.5562
latency,32,33554432,1,755371,48.7875,45.4134
latency,64,33554432,1,349786,108.833,97.9405
latency,128,33554432,1,411348,112.18,102.344
latency,256,33554432,1,397380,112.808,100.675
throughput,1,33554432,33554432,3,0.313995,0.296321
throughput,2,33554432,16777216,5,0.471443,0.378227
throughput,4,33554432,8388608,5,0.592065,0.40345
throughput,8,33554432,4194304,4,1.37596,0.988507
throughput,16,33554432,2097152,14,1.7729,1.68646
throughput,32,33554432,1048576,4,3.51918,2.17135
throughput,64,33554432,524288,19,6.65835,5.84755
throughput,128,33554432,262144,20,13.5093,9.40863
throughput,256,33554432,131072,16,14.875,13.1863
