protocol,workload,cores,iters,bus_transactions,bus_reads,bus_rdX,bus_upgrades,invalidations,cache_to_cache,cold_misses,coherence_misses,memory_writes,reads,writes
MSI,private_counters,4,200,8,4,0,4,0,0,4,0,0,800,800
MSI,adjacent_counters,4,200,1600,800,0,800,799,799,4,796,799,800,800
MSI,padded_counters,4,200,8,4,0,4,0,0,4,0,0,800,800
MSI,read_only_shared,4,200,4,4,0,0,0,0,4,0,0,800,0
MSI,producer_consumer,4,200,400,200,1,199,199,200,2,199,200,200,200
MSI,tas_lock,4,200,1799,799,201,799,999,999,4,996,999,800,1001
MSI,ttas_lock,4,200,1199,799,1,399,799,399,4,796,399,800,401
MESI,private_counters,4,200,4,4,0,0,0,0,4,0,0,800,800
MESI,adjacent_counters,4,200,1599,800,0,799,799,799,4,796,799,800,800
MESI,padded_counters,4,200,4,4,0,0,0,0,4,0,0,800,800
MESI,read_only_shared,4,200,4,4,0,0,0,1,4,0,0,800,0
MESI,producer_consumer,4,200,400,200,1,199,199,200,2,199,200,200,200
MESI,tas_lock,4,200,1799,799,201,799,999,999,4,996,999,800,1001
MESI,ttas_lock,4,200,1199,799,1,399,799,399,4,796,399,800,401
