op,chains,loop_iterations,ops,median_ns_per_op,min_ns_per_op,cycles_per_op_median
add,1,134217728,1073741824,0.228425,0.228325,0.570148
add,2,134217728,2147483648,0.114356,0.114006,0.285432
add,4,134217728,4294967296,0.0666717,0.0660704,0.166412
add,8,134217728,8589934592,0.0520407,0.0516336,0.129893
add,16,134217728,17179869184,0.133594,0.133472,0.333450
mul,1,59041441,472331528,0.686901,0.685102,1.714504
mul,2,112027350,1792437600,0.34126,0.340295,0.851784
mul,4,134217728,4294967296,0.230241,0.226828,0.574682
mul,8,134217728,8589934592,0.228276,0.226426,0.569776
mul,16,101704752,13018208256,0.227495,0.226558,0.567826
