size_bytes,iterations,median_ns,min_ns,cycles_per_access
4096,33554432,1.18179,1.13809,2.95
5760,33554432,1.15515,1.134,2.88
8192,33554432,1.16614,1.14587,2.91
11584,16320249,1.21765,1.16173,3.04
16384,33554432,1.19027,1.14951,2.97
23168,33554432,1.14547,1.13441,2.86
32768,33554432,1.19441,1.14953,2.98
46336,33554432,1.18428,1.14191,2.96
65536,11970045,3.47392,3.38678,8.67
92672,11646962,3.50484,3.39017,8.75
131072,10567126,3.53381,3.40617,8.82
185344,11427375,3.55724,3.51147,8.88
262144,11192570,3.57114,3.48062,8.91
370688,12090118,3.51156,3.47668,8.76
524288,7743139,4.01393,3.83753,10.02
741440,9935342,4.39569,4.3687,10.97
1048576,8826397,5.14654,4.92716,12.85
1482880,3434069,9.4987,9.17011,23.71
2097152,3129657,14.1719,13.544,35.37
2965760,2388855,15.3022,15.0193,38.19
4194304,2816935,25.3273,23.328,63.22
5931584,2792256,45.4295,29.9953,113.39
8388608,675485,60.1112,53.5609,150.04
11863232,502645,95.1843,89.9311,237.58
16777216,371139,102.856,96.9877,256.73
23726528,365969,116.289,109.243,290.26
33554432,313768,139.82,127.801,348.99
47453120,292545,121.429,118.879,303.09
67108864,345501,121.118,116.056,302.31
94906240,320822,121.84,120.72,304.11
134217728,304931,125.52,121.325,313.30
189812480,322995,125.305,121.688,312.76
268435456,271998,130.972,125.373,326.90
