trace,config,size_bytes,ways,line_size,replacement,write_policy,allocate,prefetch,accesses,hits,misses,hit_rate,miss_rate,evictions,writebacks,memory_writes,prefetches,compulsory,capacity,conflict,amat_ns
window16K,48KiB/12w/L64/lru/write_back/write_allocate,49152,12,64,lru,write_back,write_allocate,0,16384,16128,256,0.9844,0.0156,0,0,0,0,0,0,0,0.000
window32K,48KiB/12w/L64/lru/write_back/write_allocate,49152,12,64,lru,write_back,write_allocate,0,32768,32256,512,0.9844,0.0156,0,0,0,0,0,0,0,0.000
window64K,48KiB/12w/L64/lru/write_back/write_allocate,49152,12,64,lru,write_back,write_allocate,0,65536,0,65536,0.0000,1.0000,64768,0,0,0,0,0,0,0.000
window128K,48KiB/12w/L64/lru/write_back/write_allocate,49152,12,64,lru,write_back,write_allocate,0,131072,0,131072,0.0000,1.0000,130304,0,0,0,0,0,0,0.000
window256K,48KiB/12w/L64/lru/write_back/write_allocate,49152,12,64,lru,write_back,write_allocate,0,262144,0,262144,0.0000,1.0000,261376,0,0,0,0,0,0,0.000
window512K,48KiB/12w/L64/lru/write_back/write_allocate,49152,12,64,lru,write_back,write_allocate,0,524288,0,524288,0.0000,1.0000,523520,0,0,0,0,0,0,0.000
window1024K,48KiB/12w/L64/lru/write_back/write_allocate,49152,12,64,lru,write_back,write_allocate,0,524288,0,524288,0.0000,1.0000,523520,0,0,0,0,0,0,0.000
window2048K,48KiB/12w/L64/lru/write_back/write_allocate,49152,12,64,lru,write_back,write_allocate,0,524288,0,524288,0.0000,1.0000,523520,0,0,0,0,0,0,0.000
window4096K,48KiB/12w/L64/lru/write_back/write_allocate,49152,12,64,lru,write_back,write_allocate,0,524288,0,524288,0.0000,1.0000,523520,0,0,0,0,0,0,0.000
window8192K,48KiB/12w/L64/lru/write_back/write_allocate,49152,12,64,lru,write_back,write_allocate,0,524288,0,524288,0.0000,1.0000,523520,0,0,0,0,0,0,0.000
window16384K,48KiB/12w/L64/lru/write_back/write_allocate,49152,12,64,lru,write_back,write_allocate,0,524288,0,524288,0.0000,1.0000,523520,0,0,0,0,0,0,0.000
window32768K,48KiB/12w/L64/lru/write_back/write_allocate,49152,12,64,lru,write_back,write_allocate,0,1048576,0,1048576,0.0000,1.0000,1047808,0,0,0,0,0,0,0.000
window16K,1MiB/10w/L64/lru/write_back/write_allocate,1310720,10,64,lru,write_back,write_allocate,0,16384,16128,256,0.9844,0.0156,0,0,0,0,0,0,0,0.000
window32K,1MiB/10w/L64/lru/write_back/write_allocate,1310720,10,64,lru,write_back,write_allocate,0,32768,32256,512,0.9844,0.0156,0,0,0,0,0,0,0,0.000
window64K,1MiB/10w/L64/lru/write_back/write_allocate,1310720,10,64,lru,write_back,write_allocate,0,65536,64512,1024,0.9844,0.0156,0,0,0,0,0,0,0,0.000
window128K,1MiB/10w/L64/lru/write_back/write_allocate,1310720,10,64,lru,write_back,write_allocate,0,131072,129024,2048,0.9844,0.0156,0,0,0,0,0,0,0,0.000
window256K,1MiB/10w/L64/lru/write_back/write_allocate,1310720,10,64,lru,write_back,write_allocate,0,262144,258048,4096,0.9844,0.0156,0,0,0,0,0,0,0,0.000
window512K,1MiB/10w/L64/lru/write_back/write_allocate,1310720,10,64,lru,write_back,write_allocate,0,524288,516096,8192,0.9844,0.0156,0,0,0,0,0,0,0,0.000
window1024K,1MiB/10w/L64/lru/write_back/write_allocate,1310720,10,64,lru,write_back,write_allocate,0,524288,507904,16384,0.9688,0.0312,0,0,0,0,0,0,0,0.000
window2048K,1MiB/10w/L64/lru/write_back/write_allocate,1310720,10,64,lru,write_back,write_allocate,0,524288,0,524288,0.0000,1.0000,503808,0,0,0,0,0,0,0.000
window4096K,1MiB/10w/L64/lru/write_back/write_allocate,1310720,10,64,lru,write_back,write_allocate,0,524288,0,524288,0.0000,1.0000,503808,0,0,0,0,0,0,0.000
window8192K,1MiB/10w/L64/lru/write_back/write_allocate,1310720,10,64,lru,write_back,write_allocate,0,524288,0,524288,0.0000,1.0000,503808,0,0,0,0,0,0,0.000
window16384K,1MiB/10w/L64/lru/write_back/write_allocate,1310720,10,64,lru,write_back,write_allocate,0,524288,0,524288,0.0000,1.0000,503808,0,0,0,0,0,0,0.000
window32768K,1MiB/10w/L64/lru/write_back/write_allocate,1310720,10,64,lru,write_back,write_allocate,0,1048576,0,1048576,0.0000,1.0000,1028096,0,0,0,0,0,0,0.000
window16K,12MiB/12w/L64/lru/write_back/write_allocate,12582912,12,64,lru,write_back,write_allocate,0,16384,16128,256,0.9844,0.0156,0,0,0,0,0,0,0,0.000
window32K,12MiB/12w/L64/lru/write_back/write_allocate,12582912,12,64,lru,write_back,write_allocate,0,32768,32256,512,0.9844,0.0156,0,0,0,0,0,0,0,0.000
window64K,12MiB/12w/L64/lru/write_back/write_allocate,12582912,12,64,lru,write_back,write_allocate,0,65536,64512,1024,0.9844,0.0156,0,0,0,0,0,0,0,0.000
window128K,12MiB/12w/L64/lru/write_back/write_allocate,12582912,12,64,lru,write_back,write_allocate,0,131072,129024,2048,0.9844,0.0156,0,0,0,0,0,0,0,0.000
window256K,12MiB/12w/L64/lru/write_back/write_allocate,12582912,12,64,lru,write_back,write_allocate,0,262144,258048,4096,0.9844,0.0156,0,0,0,0,0,0,0,0.000
window512K,12MiB/12w/L64/lru/write_back/write_allocate,12582912,12,64,lru,write_back,write_allocate,0,524288,516096,8192,0.9844,0.0156,0,0,0,0,0,0,0,0.000
window1024K,12MiB/12w/L64/lru/write_back/write_allocate,12582912,12,64,lru,write_back,write_allocate,0,524288,507904,16384,0.9688,0.0312,0,0,0,0,0,0,0,0.000
window2048K,12MiB/12w/L64/lru/write_back/write_allocate,12582912,12,64,lru,write_back,write_allocate,0,524288,491520,32768,0.9375,0.0625,0,0,0,0,0,0,0,0.000
window4096K,12MiB/12w/L64/lru/write_back/write_allocate,12582912,12,64,lru,write_back,write_allocate,0,524288,458752,65536,0.8750,0.1250,0,0,0,0,0,0,0,0.000
window8192K,12MiB/12w/L64/lru/write_back/write_allocate,12582912,12,64,lru,write_back,write_allocate,0,524288,393216,131072,0.7500,0.2500,0,0,0,0,0,0,0,0.000
window16384K,12MiB/12w/L64/lru/write_back/write_allocate,12582912,12,64,lru,write_back,write_allocate,0,524288,0,524288,0.0000,1.0000,327680,0,0,0,0,0,0,0.000
window32768K,12MiB/12w/L64/lru/write_back/write_allocate,12582912,12,64,lru,write_back,write_allocate,0,1048576,0,1048576,0.0000,1.0000,851968,0,0,0,0,0,0,0.000
sequential,32KiB/8w/L64/lru/write_back/write_allocate,32768,8,64,lru,write_back,write_allocate,0,131072,0,131072,0.0000,1.0000,130560,0,0,0,0,0,0,0.000
sequential,32KiB/8w/L64/lru/write_back/write_allocate,32768,8,64,lru,write_back,write_allocate,1,131072,131071,1,1.0000,0.0000,130561,0,0,131072,0,0,0,0.000
strided128,32KiB/8w/L64/lru/write_back/write_allocate,32768,8,64,lru,write_back,write_allocate,0,65536,0,65536,0.0000,1.0000,65280,0,0,0,0,0,0,0.000
strided128,32KiB/8w/L64/lru/write_back/write_allocate,32768,8,64,lru,write_back,write_allocate,1,65536,0,65536,0.0000,1.0000,130560,0,0,65536,0,0,0,0.000
random,32KiB/8w/L64/lru/write_back/write_allocate,32768,8,64,lru,write_back,write_allocate,0,500000,245,499755,0.0005,0.9995,499243,0,0,0,0,0,0,0.000
random,32KiB/8w/L64/lru/write_back/write_allocate,32768,8,64,lru,write_back,write_allocate,1,500000,221,499779,0.0004,0.9996,999037,0,0,499770,0,0,0,0.000
matmul_row_ijk,48KiB/12w/L64/lru/write_back/write_allocate,49152,12,64,lru,write_back,write_allocate,0,2098176,1046154,1052022,0.4986,0.5014,1051254,960,960,0,0,0,0,56.098
matmul_row_ijk_L2,1MiB/10w/L64/lru/write_back/write_allocate,1310720,10,64,lru,write_back,write_allocate,0,1052022,1178,1050844,0.0011,0.9989,1030364,896,896,0,0,0,0,109.888
matmul_row_ikj,48KiB/12w/L64/lru/write_back/write_allocate,49152,12,64,lru,write_back,write_allocate,0,3146752,3015424,131328,0.9583,0.0417,130560,0,0,0,0,0,0,5.591
matmul_row_ikj_L2,1MiB/10w/L64/lru/write_back/write_allocate,1310720,10,64,lru,write_back,write_allocate,0,131328,0,131328,0.0000,1.0000,110848,0,0,0,0,0,0,110.000
