pages,page_size_bytes,buffer_bytes,hops,median_ns,min_ns
1,4096,4096,34133333,1.14272,1.13306
2,4096,8192,34133333,1.14569,1.12871
4,4096,16384,36408888,1.15004,1.13477
5,4096,20480,36408888,1.13593,1.12955
8,4096,32768,36408888,1.13862,1.13674
11,4096,45056,34133333,1.14915,1.13226
16,4096,65536,36408888,1.13719,1.12452
22,4096,90112,35617391,1.14071,1.13427
32,4096,131072,36408888,1.14632,1.13017
45,4096,184320,36408888,1.14133,1.13206
64,4096,262144,36408888,1.14122,1.1286
90,4096,368640,35617391,1.13535,1.12516
128,4096,524288,15753846,2.48527,2.45409
181,4096,741376,15603809,2.67456,2.66679
256,4096,1048576,15456603,2.69231,2.67828
362,4096,1482752,15456603,2.72454,2.70081
512,4096,2097152,15170370,2.78136,2.7239
724,4096,2965504,14124137,2.78165,2.72849
1024,4096,4194304,8402051,5.09546,5.02913
1448,4096,5931008,7953398,4.98858,4.95872
2048,4096,8388608,6206060,5.83496,5.72637
2896,4096,11862016,4615211,10.389,10.2324
4096,4096,16777216,3732118,11.2483,11.2224
5792,4096,23724032,3723636,11.8325,11.7326
8192,4096,33554432,2936200,12.2814,12.1652
11585,4096,47452160,3303225,12.9352,12.5965
16384,4096,67108864,2839514,14.5652,14.319
